,Open,High,Low,Close,Adj Close,Volume
2022-04-11 00:00:00+01:00,1.089680790901184,1.0901559591293335,1.0887316465377808,1.0888501405715942,1.0888501405715942,0
2022-04-11 01:00:00+01:00,1.0887316465377808,1.089561939239502,1.0883761644363403,1.0890873670578003,1.0890873670578003,0
2022-04-11 02:00:00+01:00,1.0893245935440063,1.0900371074676514,1.0888501405715942,1.0893245935440063,1.0893245935440063,0
2022-04-11 03:00:00+01:00,1.0893245935440063,1.0893245935440063,1.087902545928955,1.0882576704025269,1.0882576704025269,0
2022-04-11 04:00:00+01:00,1.0884946584701538,1.0889687538146973,1.088020920753479,1.0886130332946777,1.0886130332946777,0
2022-04-11 05:00:00+01:00,1.0884946584701538,1.0893245935440063,1.0883761644363403,1.0889687538146973,1.0889687538146973,0
2022-04-11 06:00:00+01:00,1.0889687538146973,1.089561939239502,1.0884946584701538,1.089561939239502,1.089561939239502,0
2022-04-11 07:00:00+01:00,1.0894432067871094,1.089561939239502,1.0877841711044312,1.0884946584701538,1.0884946584701538,0
2022-04-11 08:00:00+01:00,1.0883761644363403,1.0918222665786743,1.0883761644363403,1.0911074876785278,1.0911074876785278,0
2022-04-11 09:00:00+01:00,1.091226577758789,1.0920606851577759,1.0907504558563232,1.0909883975982666,1.0909883975982666,0
2022-04-11 10:00:00+01:00,1.091226577758789,1.0934937000274658,1.0907504558563232,1.0928961038589478,1.0928961038589478,0
2022-04-11 11:00:00+01:00,1.0930156707763672,1.0937328338623047,1.0909883975982666,1.0915838479995728,1.0915838479995728,0
2022-04-11 12:00:00+01:00,1.0917030572891235,1.0917030572891235,1.0901559591293335,1.0906314849853516,1.0906314849853516,0
2022-04-11 13:00:00+01:00,1.0905125141143799,1.091226577758789,1.089561939239502,1.0907504558563232,1.0907504558563232,0
2022-04-11 14:00:00+01:00,1.0909883975982666,1.0909883975982666,1.0883761644363403,1.0884946584701538,1.0884946584701538,0
2022-04-11 15:00:00+01:00,1.0883761644363403,1.0900371074676514,1.0883761644363403,1.0899182558059692,1.0899182558059692,0
2022-04-11 16:00:00+01:00,1.089680790901184,1.0901559591293335,1.0876659154891968,1.088139295578003,1.088139295578003,0
2022-04-11 17:00:00+01:00,1.0875475406646729,1.0889687538146973,1.0875475406646729,1.0884946584701538,1.0884946584701538,0
2022-04-11 18:00:00+01:00,1.0886130332946777,1.0893245935440063,1.088139295578003,1.0886130332946777,1.0886130332946777,0
2022-04-11 19:00:00+01:00,1.0884946584701538,1.0897995233535767,1.0884946584701538,1.0893245935440063,1.0893245935440063,0
2022-04-11 20:00:00+01:00,1.0893245935440063,1.089680790901184,1.0884946584701538,1.0887316465377808,1.0887316465377808,0
2022-04-11 21:00:00+01:00,1.0887316465377808,1.0890873670578003,1.0883761644363403,1.0886130332946777,1.0886130332946777,0
2022-04-11 22:00:00+01:00,1.0886130332946777,1.0890873670578003,1.0884946584701538,1.0887316465377808,1.0887316465377808,0
2022-04-11 23:00:00+01:00,1.0888501405715942,1.0893245935440063,1.0882576704025269,1.0887316465377808,1.0887316465377808,0
2022-04-12 00:00:00+01:00,1.0884946584701538,1.0888501405715942,1.088020920753479,1.088139295578003,1.088139295578003,0
2022-04-12 01:00:00+01:00,1.088020920753479,1.0888501405715942,1.0874292850494385,1.0877841711044312,1.0877841711044312,0
2022-04-12 02:00:00+01:00,1.087902545928955,1.087902545928955,1.08695650100708,1.0874292850494385,1.0874292850494385,0
2022-04-12 03:00:00+01:00,1.0876659154891968,1.087902545928955,1.08695650100708,1.0874292850494385,1.0874292850494385,0
2022-04-12 04:00:00+01:00,1.0874292850494385,1.088139295578003,1.0874292850494385,1.0877841711044312,1.0877841711044312,0
2022-04-12 05:00:00+01:00,1.0877841711044312,1.0887316465377808,1.0877841711044312,1.0882576704025269,1.0882576704025269,0
2022-04-12 06:00:00+01:00,1.0882576704025269,1.0884946584701538,1.087311029434204,1.087311029434204,1.087311029434204,0
2022-04-12 07:00:00+01:00,1.0874292850494385,1.0876659154891968,1.0864840745925903,1.0866022109985352,1.0866022109985352,0
2022-04-12 08:00:00+01:00,1.0864840745925903,1.0874292850494385,1.0856584310531616,1.0874292850494385,1.0874292850494385,0
2022-04-12 09:00:00+01:00,1.0871928930282593,1.0874292850494385,1.085894227027893,1.0864840745925903,1.0864840745925903,0
2022-04-12 10:00:00+01:00,1.0864840745925903,1.0877841711044312,1.0864840745925903,1.0875475406646729,1.0875475406646729,0
2022-04-12 11:00:00+01:00,1.0875475406646729,1.087902545928955,1.08695650100708,1.0871928930282593,1.0871928930282593,0
2022-04-12 12:00:00+01:00,1.087074637413025,1.0874292850494385,1.0857763290405273,1.0863661766052246,1.0863661766052246,0
2022-04-12 13:00:00+01:00,1.0862481594085693,1.0905125141143799,1.0854227542877197,1.0899182558059692,1.0899182558059692,0
2022-04-12 14:00:00+01:00,1.0893245935440063,1.0903936624526978,1.087311029434204,1.087311029434204,1.087311029434204,0
2022-04-12 15:00:00+01:00,1.0876659154891968,1.0893245935440063,1.0875475406646729,1.0877841711044312,1.0877841711044312,0
2022-04-12 16:00:00+01:00,1.0875475406646729,1.088020920753479,1.0854227542877197,1.0856584310531616,1.0856584310531616,0
2022-04-12 17:00:00+01:00,1.0855406522750854,1.0866022109985352,1.0837758779525757,1.0843634605407715,1.0843634605407715,0
2022-04-12 18:00:00+01:00,1.0843634605407715,1.0847163200378418,1.0830715894699097,1.0830715894699097,1.0830715894699097,0
2022-04-12 19:00:00+01:00,1.0831888914108276,1.0835410356521606,1.0824854373931885,1.0834236145019531,1.0834236145019531,0
2022-04-12 20:00:00+01:00,1.0833063125610352,1.0837758779525757,1.0831888914108276,1.0836584568023682,1.0836584568023682,0
2022-04-12 21:00:00+01:00,1.0833063125610352,1.0835410356521606,1.0828369855880737,1.0828369855880737,1.0828369855880737,0
2022-04-12 22:00:00+01:00,1.0829542875289917,1.0835410356521606,1.0827198028564453,1.0831888914108276,1.0831888914108276,0
2022-04-12 23:00:00+01:00,1.0830715894699097,1.0835410356521606,1.0829542875289917,1.0830715894699097,1.0830715894699097,0
2022-04-13 00:00:00+01:00,1.0831888914108276,1.0833063125610352,1.082602620124817,1.0828369855880737,1.0828369855880737,0
2022-04-13 01:00:00+01:00,1.0828369855880737,1.0831888914108276,1.081548810005188,1.0818997621536255,1.0818997621536255,0
2022-04-13 02:00:00+01:00,1.0818997621536255,1.0833063125610352,1.0818997621536255,1.0833063125610352,1.0833063125610352,0
2022-04-13 03:00:00+01:00,1.0834236145019531,1.0842459201812744,1.0830715894699097,1.0838934183120728,1.0838934183120728,0
2022-04-13 04:00:00+01:00,1.0837758779525757,1.0845986604690552,1.0837758779525757,1.0840108394622803,1.0840108394622803,0
2022-04-13 05:00:00+01:00,1.0840108394622803,1.0843634605407715,1.0833063125610352,1.0835410356521606,1.0835410356521606,0
2022-04-13 06:00:00+01:00,1.0840108394622803,1.0849517583847046,1.0833063125610352,1.0847163200378418,1.0847163200378418,0
2022-04-13 07:00:00+01:00,1.0845986604690552,1.0847163200378418,1.082602620124817,1.0828369855880737,1.0828369855880737,0
2022-04-13 08:00:00+01:00,1.0827198028564453,1.0842459201812744,1.0817828178405762,1.0842459201812744,1.0842459201812744,0
2022-04-13 09:00:00+01:00,1.0840108394622803,1.0843634605407715,1.0831888914108276,1.0843634605407715,1.0843634605407715,0
2022-04-13 10:00:00+01:00,1.0838934183120728,1.0841283798217773,1.0829542875289917,1.0837758779525757,1.0837758779525757,0
2022-04-13 11:00:00+01:00,1.0836584568023682,1.0841283798217773,1.082602620124817,1.0829542875289917,1.0829542875289917,0
2022-04-13 12:00:00+01:00,1.0830715894699097,1.0850694179534912,1.0829542875289917,1.0833063125610352,1.0833063125610352,0
2022-04-13 13:00:00+01:00,1.0836584568023682,1.0836584568023682,1.0818997621536255,1.0822510719299316,1.0822510719299316,0
2022-04-13 14:00:00+01:00,1.08236825466156,1.0829542875289917,1.0813149213790894,1.0820168256759644,1.0820168256759644,0
2022-04-13 15:00:00+01:00,1.0820168256759644,1.0850694179534912,1.0818997621536255,1.0850694179534912,1.0850694179534912,0
2022-04-13 16:00:00+01:00,1.0850694179534912,1.087902545928955,1.0850694179534912,1.0874292850494385,1.0874292850494385,0
2022-04-13 17:00:00+01:00,1.0876659154891968,1.089680790901184,1.0876659154891968,1.0884946584701538,1.0884946584701538,0
2022-04-13 18:00:00+01:00,1.0884946584701538,1.0889687538146973,1.0876659154891968,1.0877841711044312,1.0877841711044312,0
2022-04-13 19:00:00+01:00,1.0876659154891968,1.0892059803009033,1.0876659154891968,1.0888501405715942,1.0888501405715942,0
2022-04-13 20:00:00+01:00,1.0888501405715942,1.0897995233535767,1.0886130332946777,1.0887316465377808,1.0887316465377808,0
2022-04-13 21:00:00+01:00,1.0887316465377808,1.0897995233535767,1.0887316465377808,1.089561939239502,1.089561939239502,0
2022-04-13 22:00:00+01:00,1.089561939239502,1.0900371074676514,1.0890873670578003,1.0893245935440063,1.0893245935440063,0
2022-04-13 23:00:00+01:00,1.089561939239502,1.0897995233535767,1.0890873670578003,1.0893245935440063,1.0893245935440063,0
2022-04-14 00:00:00+01:00,1.0893245935440063,1.090274691581726,1.0893245935440063,1.090274691581726,1.090274691581726,0
2022-04-14 01:00:00+01:00,1.0900371074676514,1.0903936624526978,1.0886130332946777,1.0887316465377808,1.0887316465377808,0
2022-04-14 02:00:00+01:00,1.0888501405715942,1.0913456678390503,1.0886130332946777,1.0909883975982666,1.0909883975982666,0
2022-04-14 03:00:00+01:00,1.090869426727295,1.091226577758789,1.0905125141143799,1.0905125141143799,1.0905125141143799,0
2022-04-14 04:00:00+01:00,1.0906314849853516,1.0913456678390503,1.0905125141143799,1.0911074876785278,1.0911074876785278,0
2022-04-14 05:00:00+01:00,1.0909883975982666,1.091941475868225,1.0907504558563232,1.0917030572891235,1.0917030572891235,0
2022-04-14 06:00:00+01:00,1.0915838479995728,1.0924185514450073,1.0914647579193115,1.0914647579193115,1.0914647579193115,0
2022-04-14 07:00:00+01:00,1.0914647579193115,1.0927767753601074,1.0913456678390503,1.0920606851577759,1.0920606851577759,0
2022-04-14 08:00:00+01:00,1.0921800136566162,1.0924185514450073,1.0907504558563232,1.091226577758789,1.091226577758789,0
2022-04-14 09:00:00+01:00,1.090869426727295,1.0918222665786743,1.0906314849853516,1.0915838479995728,1.0915838479995728,0
2022-04-14 10:00:00+01:00,1.091226577758789,1.0922993421554565,1.0906314849853516,1.0917030572891235,1.0917030572891235,0
2022-04-14 11:00:00+01:00,1.0917030572891235,1.0921800136566162,1.0905125141143799,1.090869426727295,1.090869426727295,0
2022-04-14 12:00:00+01:00,1.090869426727295,1.0917030572891235,1.08695650100708,1.08695650100708,1.08695650100708,0
2022-04-14 13:00:00+01:00,1.0876659154891968,1.0889687538146973,1.0848339796066284,1.0848339796066284,1.0848339796066284,0
2022-04-14 14:00:00+01:00,1.0850694179534912,1.0850694179534912,1.0760787725448608,1.077702283859253,1.077702283859253,0
2022-04-14 15:00:00+01:00,1.077702283859253,1.0800302028656006,1.077470064163208,1.077934741973877,1.077934741973877,0
2022-04-14 16:00:00+01:00,1.077934741973877,1.0817828178405762,1.077702283859253,1.0800302028656006,1.0800302028656006,0
2022-04-14 17:00:00+01:00,1.080263614654541,1.0833063125610352,1.0801469087600708,1.0820168256759644,1.0820168256759644,0
2022-04-14 18:00:00+01:00,1.0820168256759644,1.0830715894699097,1.0814317464828491,1.082602620124817,1.082602620124817,0
2022-04-14 19:00:00+01:00,1.0827198028564453,1.0836584568023682,1.0824854373931885,1.0836584568023682,1.0836584568023682,0
2022-04-14 20:00:00+01:00,1.0838934183120728,1.0840108394622803,1.0827198028564453,1.0827198028564453,1.0827198028564453,0
2022-04-14 21:00:00+01:00,1.0828369855880737,1.0838934183120728,1.0828369855880737,1.0831888914108276,1.0831888914108276,0
2022-04-14 22:00:00+01:00,1.0836584568023682,1.0837758779525757,1.0828369855880737,1.0828369855880737,1.0828369855880737,0
2022-04-14 23:00:00+01:00,1.0834236145019531,1.0834236145019531,1.082602620124817,1.0827198028564453,1.0827198028564453,0
2022-04-15 00:00:00+01:00,1.0834236145019531,1.0834236145019531,1.0817828178405762,1.0828369855880737,1.0828369855880737,0
2022-04-15 01:00:00+01:00,1.0829542875289917,1.0829542875289917,1.08119797706604,1.08119797706604,1.08119797706604,0
2022-04-15 02:00:00+01:00,1.0813149213790894,1.0818997621536255,1.080964207649231,1.0814317464828491,1.0814317464828491,0
2022-04-15 03:00:00+01:00,1.0813149213790894,1.0820168256759644,1.0803803205490112,1.0803803205490112,1.0803803205490112,0
2022-04-15 04:00:00+01:00,1.080964207649231,1.080964207649231,1.0801469087600708,1.0807305574417114,1.0807305574417114,0
2022-04-15 05:00:00+01:00,1.0807305574417114,1.08119797706604,1.0804970264434814,1.0808473825454712,1.0808473825454712,0
2022-04-15 06:00:00+01:00,1.0807305574417114,1.0813149213790894,1.0806137323379517,1.0808473825454712,1.0808473825454712,0
2022-04-15 07:00:00+01:00,1.080964207649231,1.0816657543182373,1.0806137323379517,1.0806137323379517,1.0806137323379517,0
2022-04-15 08:00:00+01:00,1.0806137323379517,1.0817828178405762,1.0806137323379517,1.0817828178405762,1.0817828178405762,0
2022-04-15 09:00:00+01:00,1.0817828178405762,1.0829542875289917,1.0814317464828491,1.0822510719299316,1.0822510719299316,0
2022-04-15 10:00:00+01:00,1.0821340084075928,1.082602620124817,1.0816657543182373,1.0816657543182373,1.0816657543182373,0
2022-04-15 11:00:00+01:00,1.0820168256759644,1.08236825466156,1.080964207649231,1.08119797706604,1.08119797706604,0
2022-04-15 12:00:00+01:00,1.0810810327529907,1.0817828178405762,1.0807305574417114,1.0817828178405762,1.0817828178405762,0
2022-04-15 13:00:00+01:00,1.0818997621536255,1.08236825466156,1.081548810005188,1.081548810005188,1.081548810005188,0
2022-04-15 14:00:00+01:00,1.081548810005188,1.0818997621536255,1.0810810327529907,1.0818997621536255,1.0818997621536255,0
2022-04-15 15:00:00+01:00,1.0813149213790894,1.0816657543182373,1.0808473825454712,1.0810810327529907,1.0810810327529907,0
2022-04-15 16:00:00+01:00,1.0810810327529907,1.0817828178405762,1.080964207649231,1.0813149213790894,1.0813149213790894,0
2022-04-15 17:00:00+01:00,1.0810810327529907,1.0817828178405762,1.0808473825454712,1.0810810327529907,1.0810810327529907,0
2022-04-15 18:00:00+01:00,1.08119797706604,1.0817828178405762,1.0808473825454712,1.0817828178405762,1.0817828178405762,0
2022-04-15 19:00:00+01:00,1.0813149213790894,1.0816657543182373,1.0810810327529907,1.08119797706604,1.08119797706604,0
2022-04-15 20:00:00+01:00,1.0813149213790894,1.0817828178405762,1.0808473825454712,1.0813149213790894,1.0813149213790894,0
2022-04-15 21:00:00+01:00,1.08119797706604,1.0822510719299316,1.0810810327529907,1.081548810005188,1.081548810005188,0
2022-04-15 22:00:00+01:00,1.0813149213790894,1.0813149213790894,1.0813149213790894,1.0813149213790894,1.0813149213790894,0
2022-04-18 00:00:00+01:00,1.0820168256759644,1.0827198028564453,1.0816657543182373,1.0816657543182373,1.0816657543182373,0
2022-04-18 01:00:00+01:00,1.0817828178405762,1.0818997621536255,1.0796804428100586,1.0804970264434814,1.0804970264434814,0
2022-04-18 02:00:00+01:00,1.0803803205490112,1.081548810005188,1.07991361618042,1.0814317464828491,1.0814317464828491,0
2022-04-18 03:00:00+01:00,1.0810810327529907,1.0813149213790894,1.07991361618042,1.0804970264434814,1.0804970264434814,0
2022-04-18 04:00:00+01:00,1.0806137323379517,1.0808473825454712,1.079563856124878,1.0797970294952393,1.0797970294952393,0
2022-04-18 05:00:00+01:00,1.079563856124878,1.0800302028656006,1.079214334487915,1.079563856124878,1.079563856124878,0
2022-04-18 06:00:00+01:00,1.079563856124878,1.07991361618042,1.079214334487915,1.0796804428100586,1.0796804428100586,0
2022-04-18 07:00:00+01:00,1.0801469087600708,1.0804970264434814,1.0794472694396973,1.0797970294952393,1.0797970294952393,0
2022-04-18 08:00:00+01:00,1.07991361618042,1.0807305574417114,1.079097867012024,1.0794472694396973,1.0794472694396973,0
2022-04-18 09:00:00+01:00,1.0794472694396973,1.07991361618042,1.0788650512695312,1.0794472694396973,1.0794472694396973,0
2022-04-18 10:00:00+01:00,1.0796804428100586,1.080263614654541,1.0793308019638062,1.07991361618042,1.07991361618042,0
2022-04-18 11:00:00+01:00,1.0794472694396973,1.0806137323379517,1.0794472694396973,1.0803803205490112,1.0803803205490112,0
2022-04-18 12:00:00+01:00,1.0803803205490112,1.081548810005188,1.0803803205490112,1.0810810327529907,1.0810810327529907,0
2022-04-18 13:00:00+01:00,1.08119797706604,1.0818997621536255,1.080263614654541,1.0808473825454712,1.0808473825454712,0
2022-04-18 14:00:00+01:00,1.0807305574417114,1.08119797706604,1.0800302028656006,1.080263614654541,1.080263614654541,0
2022-04-18 15:00:00+01:00,1.0803803205490112,1.0808473825454712,1.0794472694396973,1.07991361618042,1.07991361618042,0
2022-04-18 16:00:00+01:00,1.079563856124878,1.0803803205490112,1.0786322355270386,1.0786322355270386,1.0786322355270386,0
2022-04-18 17:00:00+01:00,1.0787487030029297,1.079214334487915,1.0773539543151855,1.07758629322052,1.07758629322052,0
2022-04-18 18:00:00+01:00,1.077470064163208,1.0787487030029297,1.077470064163208,1.0786322355270386,1.0786322355270386,0
2022-04-18 19:00:00+01:00,1.0787487030029297,1.079214334487915,1.0786322355270386,1.0787487030029297,1.0787487030029297,0
2022-04-18 20:00:00+01:00,1.0787487030029297,1.0788650512695312,1.0781670808792114,1.0786322355270386,1.0786322355270386,0
2022-04-18 21:00:00+01:00,1.078515887260437,1.0789813995361328,1.078283429145813,1.078399658203125,1.078399658203125,0
2022-04-18 22:00:00+01:00,1.0773539543151855,1.0787487030029297,1.0773539543151855,1.0786322355270386,1.0786322355270386,0
2022-04-18 23:00:00+01:00,1.0781670808792114,1.0793308019638062,1.0781670808792114,1.078515887260437,1.078515887260437,0
2022-04-19 00:00:00+01:00,1.0787487030029297,1.0788650512695312,1.077934741973877,1.0786322355270386,1.0786322355270386,0
2022-04-19 01:00:00+01:00,1.078283429145813,1.0789813995361328,1.077702283859253,1.0781670808792114,1.0781670808792114,0
2022-04-19 02:00:00+01:00,1.078399658203125,1.0788650512695312,1.077934741973877,1.077934741973877,1.077934741973877,0
2022-04-19 03:00:00+01:00,1.0780508518218994,1.0781670808792114,1.076658010482788,1.0771219730377197,1.0771219730377197,0
2022-04-19 04:00:00+01:00,1.0770059823989868,1.0780508518218994,1.0770059823989868,1.077702283859253,1.077702283859253,0
2022-04-19 05:00:00+01:00,1.077818512916565,1.0787487030029297,1.0770059823989868,1.07758629322052,1.07758629322052,0
2022-04-19 06:00:00+01:00,1.07758629322052,1.0780508518218994,1.0770059823989868,1.0780508518218994,1.0780508518218994,0
2022-04-19 07:00:00+01:00,1.07758629322052,1.079214334487915,1.0771219730377197,1.0787487030029297,1.0787487030029297,0
2022-04-19 08:00:00+01:00,1.0786322355270386,1.0804970264434814,1.078515887260437,1.0804970264434814,1.0804970264434814,0
2022-04-19 09:00:00+01:00,1.0808473825454712,1.0816657543182373,1.0796804428100586,1.0810810327529907,1.0810810327529907,0
2022-04-19 10:00:00+01:00,1.08119797706604,1.0813149213790894,1.0796804428100586,1.080263614654541,1.080263614654541,0
2022-04-19 11:00:00+01:00,1.07991361618042,1.0800302028656006,1.0788650512695312,1.0794472694396973,1.0794472694396973,0
2022-04-19 12:00:00+01:00,1.0793308019638062,1.0800302028656006,1.0788650512695312,1.0800302028656006,1.0800302028656006,0
2022-04-19 13:00:00+01:00,1.0796804428100586,1.080964207649231,1.0793308019638062,1.0797970294952393,1.0797970294952393,0
2022-04-19 14:00:00+01:00,1.079563856124878,1.08119797706604,1.079097867012024,1.080964207649231,1.080964207649231,0
2022-04-19 15:00:00+01:00,1.0804970264434814,1.0807305574417114,1.0789813995361328,1.0789813995361328,1.0789813995361328,0
2022-04-19 16:00:00+01:00,1.079214334487915,1.0800302028656006,1.0786322355270386,1.0794472694396973,1.0794472694396973,0
2022-04-19 17:00:00+01:00,1.079214334487915,1.0803803205490112,1.0787487030029297,1.0800302028656006,1.0800302028656006,0
2022-04-19 18:00:00+01:00,1.0801469087600708,1.0807305574417114,1.0793308019638062,1.0793308019638062,1.0793308019638062,0
2022-04-19 19:00:00+01:00,1.079097867012024,1.07991361618042,1.0786322355270386,1.0794472694396973,1.0794472694396973,0
2022-04-19 20:00:00+01:00,1.0793308019638062,1.07991361618042,1.0786322355270386,1.079097867012024,1.079097867012024,0
2022-04-19 21:00:00+01:00,1.079097867012024,1.0796804428100586,1.0788650512695312,1.079097867012024,1.079097867012024,0
2022-04-19 22:00:00+01:00,1.079214334487915,1.0796804428100586,1.0786322355270386,1.0793308019638062,1.0793308019638062,0
2022-04-19 23:00:00+01:00,1.079097867012024,1.0797970294952393,1.079097867012024,1.0794472694396973,1.0794472694396973,0
2022-04-20 00:00:00+01:00,1.0793308019638062,1.0797970294952393,1.079097867012024,1.0796804428100586,1.0796804428100586,0
2022-04-20 01:00:00+01:00,1.0797970294952393,1.0801469087600708,1.079214334487915,1.07991361618042,1.07991361618042,0
2022-04-20 02:00:00+01:00,1.07991361618042,1.0804970264434814,1.0787487030029297,1.0800302028656006,1.0800302028656006,0
2022-04-20 03:00:00+01:00,1.0801469087600708,1.0813149213790894,1.079563856124878,1.080964207649231,1.080964207649231,0
2022-04-20 04:00:00+01:00,1.08119797706604,1.08236825466156,1.080964207649231,1.0821340084075928,1.0821340084075928,0
2022-04-20 05:00:00+01:00,1.0820168256759644,1.0828369855880737,1.0818997621536255,1.0822510719299316,1.0822510719299316,0
2022-04-20 06:00:00+01:00,1.0822510719299316,1.08236825466156,1.0816657543182373,1.0821340084075928,1.0821340084075928,0
2022-04-20 07:00:00+01:00,1.08236825466156,1.08236825466156,1.0813149213790894,1.0814317464828491,1.0814317464828491,0
2022-04-20 08:00:00+01:00,1.0813149213790894,1.08236825466156,1.0810810327529907,1.08119797706604,1.08119797706604,0
2022-04-20 09:00:00+01:00,1.08119797706604,1.0847163200378418,1.080964207649231,1.0847163200378418,1.0847163200378418,0
2022-04-20 10:00:00+01:00,1.0845986604690552,1.0868383646011353,1.0834236145019531,1.0857763290405273,1.0857763290405273,0
2022-04-20 11:00:00+01:00,1.0860122442245483,1.0871928930282593,1.0856584310531616,1.0864840745925903,1.0864840745925903,0
2022-04-20 12:00:00+01:00,1.086130142211914,1.086130142211914,1.0829542875289917,1.0830715894699097,1.0830715894699097,0
2022-04-20 13:00:00+01:00,1.0833063125610352,1.0837758779525757,1.0824854373931885,1.0830715894699097,1.0830715894699097,0
2022-04-20 14:00:00+01:00,1.0835410356521606,1.084481120109558,1.0828369855880737,1.084481120109558,1.084481120109558,0
2022-04-20 15:00:00+01:00,1.0847163200378418,1.087074637413025,1.0845986604690552,1.0868383646011353,1.0868383646011353,0
2022-04-20 16:00:00+01:00,1.0868383646011353,1.0871928930282593,1.0850694179534912,1.085894227027893,1.085894227027893,0
2022-04-20 17:00:00+01:00,1.085894227027893,1.0863661766052246,1.084481120109558,1.084481120109558,1.084481120109558,0
2022-04-20 18:00:00+01:00,1.0845986604690552,1.0855406522750854,1.0843634605407715,1.0854227542877197,1.0854227542877197,0
2022-04-20 19:00:00+01:00,1.0855406522750854,1.0862481594085693,1.0843634605407715,1.084481120109558,1.084481120109558,0
2022-04-20 20:00:00+01:00,1.084481120109558,1.0860122442245483,1.084481120109558,1.0860122442245483,1.0860122442245483,0
2022-04-20 21:00:00+01:00,1.0856584310531616,1.0862481594085693,1.0850694179534912,1.0856584310531616,1.0856584310531616,0
2022-04-20 22:00:00+01:00,1.0863661766052246,1.0863661766052246,1.0850694179534912,1.0853049755096436,1.0853049755096436,0
2022-04-20 23:00:00+01:00,1.0856584310531616,1.085894227027893,1.0848339796066284,1.0855406522750854,1.0855406522750854,0
2022-04-21 00:00:00+01:00,1.0857763290405273,1.0860122442245483,1.0849517583847046,1.0855406522750854,1.0855406522750854,0
2022-04-21 01:00:00+01:00,1.0853049755096436,1.0856584310531616,1.0834236145019531,1.0843634605407715,1.0843634605407715,0
2022-04-21 02:00:00+01:00,1.0840108394622803,1.0849517583847046,1.0838934183120728,1.0840108394622803,1.0840108394622803,0
2022-04-21 03:00:00+01:00,1.0838934183120728,1.0841283798217773,1.0828369855880737,1.0830715894699097,1.0830715894699097,0
2022-04-21 04:00:00+01:00,1.0828369855880737,1.0837758779525757,1.0828369855880737,1.0833063125610352,1.0833063125610352,0
2022-04-21 05:00:00+01:00,1.0835410356521606,1.0841283798217773,1.0833063125610352,1.0835410356521606,1.0835410356521606,0
2022-04-21 06:00:00+01:00,1.0843634605407715,1.0854227542877197,1.0838934183120728,1.0850694179534912,1.0850694179534912,0
2022-04-21 07:00:00+01:00,1.0851871967315674,1.090869426727295,1.0851871967315674,1.090869426727295,1.090869426727295,0
2022-04-21 08:00:00+01:00,1.090274691581726,1.0938525199890137,1.0893245935440063,1.0934937000274658,1.0934937000274658,0
2022-04-21 09:00:00+01:00,1.0930156707763672,1.0936132669448853,1.0915838479995728,1.0933741331100464,1.0933741331100464,0
2022-04-21 10:00:00+01:00,1.0921800136566162,1.0928961038589478,1.091226577758789,1.091941475868225,1.091941475868225,0
2022-04-21 11:00:00+01:00,1.0917030572891235,1.0924185514450073,1.090274691581726,1.090274691581726,1.090274691581726,0
2022-04-21 12:00:00+01:00,1.0906314849853516,1.0906314849853516,1.0877841711044312,1.0886130332946777,1.0886130332946777,0
2022-04-21 13:00:00+01:00,1.0882576704025269,1.0897995233535767,1.088020920753479,1.0894432067871094,1.0894432067871094,0
2022-04-21 14:00:00+01:00,1.0893245935440063,1.0900371074676514,1.0875475406646729,1.0875475406646729,1.0875475406646729,0
2022-04-21 15:00:00+01:00,1.0874292850494385,1.088139295578003,1.0845986604690552,1.0845986604690552,1.0845986604690552,0
2022-04-21 16:00:00+01:00,1.0847163200378418,1.0864840745925903,1.0841283798217773,1.0847163200378418,1.0847163200378418,0
2022-04-21 17:00:00+01:00,1.0842459201812744,1.0851871967315674,1.0837758779525757,1.0847163200378418,1.0847163200378418,0
2022-04-21 18:00:00+01:00,1.084481120109558,1.086130142211914,1.0842459201812744,1.0853049755096436,1.0853049755096436,0
2022-04-21 19:00:00+01:00,1.0849517583847046,1.0854227542877197,1.0841283798217773,1.0841283798217773,1.0841283798217773,0
2022-04-21 20:00:00+01:00,1.0841283798217773,1.0845986604690552,1.0834236145019531,1.0842459201812744,1.0842459201812744,0
2022-04-21 21:00:00+01:00,1.0843634605407715,1.0848339796066284,1.0834236145019531,1.0835410356521606,1.0835410356521606,0
2022-04-21 22:00:00+01:00,1.0842459201812744,1.084481120109558,1.0837758779525757,1.0837758779525757,1.0837758779525757,0
2022-04-21 23:00:00+01:00,1.0837758779525757,1.0843634605407715,1.0836584568023682,1.0842459201812744,1.0842459201812744,0
2022-04-22 00:00:00+01:00,1.084481120109558,1.084481120109558,1.0837758779525757,1.0837758779525757,1.0837758779525757,0
2022-04-22 01:00:00+01:00,1.0836584568023682,1.0847163200378418,1.0835410356521606,1.0840108394622803,1.0840108394622803,0
2022-04-22 02:00:00+01:00,1.0841283798217773,1.0851871967315674,1.0840108394622803,1.0842459201812744,1.0842459201812744,0
2022-04-22 03:00:00+01:00,1.0842459201812744,1.0848339796066284,1.0838934183120728,1.0843634605407715,1.0843634605407715,0
2022-04-22 04:00:00+01:00,1.0848339796066284,1.0848339796066284,1.0834236145019531,1.084481120109558,1.084481120109558,0
2022-04-22 05:00:00+01:00,1.084481120109558,1.0853049755096436,1.0843634605407715,1.0848339796066284,1.0848339796066284,0
2022-04-22 06:00:00+01:00,1.0848339796066284,1.0856584310531616,1.0843634605407715,1.0849517583847046,1.0849517583847046,0
2022-04-22 07:00:00+01:00,1.0845986604690552,1.0854227542877197,1.0828369855880737,1.0829542875289917,1.0829542875289917,0
2022-04-22 08:00:00+01:00,1.0829542875289917,1.0829542875289917,1.0807305574417114,1.0813149213790894,1.0813149213790894,0
2022-04-22 09:00:00+01:00,1.080964207649231,1.0813149213790894,1.0793308019638062,1.0803803205490112,1.0803803205490112,0
2022-04-22 10:00:00+01:00,1.0803803205490112,1.08119797706604,1.0796804428100586,1.0808473825454712,1.0808473825454712,0
2022-04-22 11:00:00+01:00,1.0813149213790894,1.0817828178405762,1.080263614654541,1.0817828178405762,1.0817828178405762,0
2022-04-22 12:00:00+01:00,1.0817828178405762,1.0829542875289917,1.0817828178405762,1.08236825466156,1.08236825466156,0
2022-04-22 13:00:00+01:00,1.0824854373931885,1.0828369855880737,1.0820168256759644,1.0824854373931885,1.0824854373931885,0
2022-04-22 14:00:00+01:00,1.082602620124817,1.084481120109558,1.0806137323379517,1.0806137323379517,1.0806137323379517,0
2022-04-22 15:00:00+01:00,1.0808473825454712,1.08236825466156,1.0781670808792114,1.078399658203125,1.078399658203125,0
2022-04-22 16:00:00+01:00,1.077818512916565,1.0794472694396973,1.07758629322052,1.0794472694396973,1.0794472694396973,0
2022-04-22 17:00:00+01:00,1.079214334487915,1.0793308019638062,1.0780508518218994,1.078515887260437,1.078515887260437,0
2022-04-22 18:00:00+01:00,1.078283429145813,1.0796804428100586,1.078283429145813,1.0793308019638062,1.0793308019638062,0
2022-04-22 19:00:00+01:00,1.079097867012024,1.0797970294952393,1.0788650512695312,1.0788650512695312,1.0788650512695312,0
2022-04-22 20:00:00+01:00,1.079097867012024,1.080263614654541,1.0789813995361328,1.079563856124878,1.079563856124878,0
2022-04-22 21:00:00+01:00,1.0796804428100586,1.0803803205490112,1.0794472694396973,1.0800302028656006,1.0800302028656006,0
2022-04-22 22:00:00+01:00,1.080263614654541,1.080263614654541,1.080263614654541,1.080263614654541,1.080263614654541,0
2022-04-25 00:00:00+01:00,1.0808473825454712,1.0817828178405762,1.0807305574417114,1.08119797706604,1.08119797706604,0
2022-04-25 01:00:00+01:00,1.08119797706604,1.0814317464828491,1.0803803205490112,1.0806137323379517,1.0806137323379517,0
2022-04-25 02:00:00+01:00,1.0806137323379517,1.080964207649231,1.0787487030029297,1.0789813995361328,1.0789813995361328,0
2022-04-25 03:00:00+01:00,1.0789813995361328,1.079563856124878,1.0780508518218994,1.078399658203125,1.078399658203125,0
2022-04-25 04:00:00+01:00,1.078515887260437,1.0793308019638062,1.078399658203125,1.0786322355270386,1.0786322355270386,0
2022-04-25 05:00:00+01:00,1.078515887260437,1.079214334487915,1.077702283859253,1.077702283859253,1.077702283859253,0
2022-04-25 06:00:00+01:00,1.077818512916565,1.078283429145813,1.0772379636764526,1.077934741973877,1.077934741973877,0
2022-04-25 07:00:00+01:00,1.077934741973877,1.078283429145813,1.0713521242141724,1.0716965198516846,1.0716965198516846,0
2022-04-25 08:00:00+01:00,1.0730764865875244,1.0743446350097656,1.071811318397522,1.0742292404174805,1.0742292404174805,0
2022-04-25 09:00:00+01:00,1.0745755434036255,1.0757315158843994,1.0736525058746338,1.0749220848083496,1.0749220848083496,0
2022-04-25 10:00:00+01:00,1.0744600296020508,1.0751532316207886,1.0734220743179321,1.0734220743179321,1.0734220743179321,0
2022-04-25 11:00:00+01:00,1.0731916427612305,1.0738831758499146,1.0726161003112793,1.0726161003112793,1.0726161003112793,0
2022-04-25 12:00:00+01:00,1.072961449623108,1.0756157636642456,1.0723860263824463,1.0752688646316528,1.0752688646316528,0
2022-04-25 13:00:00+01:00,1.074806571006775,1.0760787725448608,1.0735372304916382,1.074806571006775,1.074806571006775,0
2022-04-25 14:00:00+01:00,1.0743446350097656,1.0743446350097656,1.0721560716629028,1.072961449623108,1.072961449623108,0
2022-04-25 15:00:00+01:00,1.0725010633468628,1.0730764865875244,1.0702054500579834,1.0710078477859497,1.0710078477859497,0
2022-04-25 16:00:00+01:00,1.0711225271224976,1.0721560716629028,1.0703200101852417,1.0706638097763062,1.0706638097763062,0
2022-04-25 17:00:00+01:00,1.0706638097763062,1.0723860263824463,1.0703200101852417,1.0720411539077759,1.0720411539077759,0
2022-04-25 18:00:00+01:00,1.071237325668335,1.0723860263824463,1.071237325668335,1.071811318397522,1.071811318397522,0
2022-04-25 19:00:00+01:00,1.0715816020965576,1.0723860263824463,1.0713521242141724,1.0713521242141724,1.0713521242141724,0
2022-04-25 20:00:00+01:00,1.0711225271224976,1.0725010633468628,1.0708931684494019,1.0716965198516846,1.0716965198516846,0
2022-04-25 21:00:00+01:00,1.071811318397522,1.0720411539077759,1.071237325668335,1.0713521242141724,1.0713521242141724,0
2022-04-25 22:00:00+01:00,1.0715816020965576,1.071811318397522,1.0711225271224976,1.0715816020965576,1.0715816020965576,0
2022-04-25 23:00:00+01:00,1.0715816020965576,1.0720411539077759,1.071237325668335,1.0716965198516846,1.0716965198516846,0
2022-04-26 00:00:00+01:00,1.0714668035507202,1.071926236152649,1.0710078477859497,1.0714668035507202,1.0714668035507202,0
2022-04-26 01:00:00+01:00,1.0715816020965576,1.0734220743179321,1.0715816020965576,1.0734220743179321,1.0734220743179321,0
2022-04-26 02:00:00+01:00,1.0735372304916382,1.0736525058746338,1.0726161003112793,1.0728462934494019,1.0728462934494019,0
2022-04-26 03:00:00+01:00,1.0727311372756958,1.0736525058746338,1.0727311372756958,1.073306918144226,1.073306918144226,0
2022-04-26 04:00:00+01:00,1.0736525058746338,1.0742292404174805,1.0734220743179321,1.0734220743179321,1.0734220743179321,0
2022-04-26 05:00:00+01:00,1.0735372304916382,1.0738831758499146,1.072961449623108,1.0730764865875244,1.0730764865875244,0
2022-04-26 06:00:00+01:00,1.072961449623108,1.0739984512329102,1.0726161003112793,1.0731916427612305,1.0731916427612305,0
2022-04-26 07:00:00+01:00,1.0739984512329102,1.0739984512329102,1.0704345703125,1.0706638097763062,1.0706638097763062,0
2022-04-26 08:00:00+01:00,1.0708931684494019,1.0714668035507202,1.0681477785110474,1.0681477785110474,1.0681477785110474,0
2022-04-26 09:00:00+01:00,1.0681477785110474,1.0695186853408813,1.0676915645599365,1.068261981010437,1.068261981010437,0
2022-04-26 10:00:00+01:00,1.0684902667999268,1.0702054500579834,1.0684902667999268,1.0688328742980957,1.0688328742980957,0
2022-04-26 11:00:00+01:00,1.0687185525894165,1.0698620080947876,1.068261981010437,1.0695186853408813,1.0695186853408813,0
2022-04-26 12:00:00+01:00,1.0691757202148438,1.06963312625885,1.067463755607605,1.067463755607605,1.067463755607605,0
2022-04-26 13:00:00+01:00,1.0676915645599365,1.0684902667999268,1.0673497915267944,1.0681477785110474,1.0681477785110474,0
2022-04-26 14:00:00+01:00,1.0680338144302368,1.0690613985061646,1.066894292831421,1.0676915645599365,1.0676915645599365,0
2022-04-26 15:00:00+01:00,1.067463755607605,1.0680338144302368,1.0646226406097412,1.0655300617218018,1.0655300617218018,0
2022-04-26 16:00:00+01:00,1.065303087234497,1.0665528774261475,1.065303087234497,1.066439151763916,1.066439151763916,0
2022-04-26 17:00:00+01:00,1.0663254261016846,1.067008137702942,1.065757155418396,1.0663254261016846,1.0663254261016846,0
2022-04-26 18:00:00+01:00,1.066439151763916,1.0665528774261475,1.0649627447128296,1.0650761127471924,1.0650761127471924,0
2022-04-26 19:00:00+01:00,1.0648492574691772,1.0654165744781494,1.0645092725753784,1.064736008644104,1.064736008644104,0
2022-04-26 20:00:00+01:00,1.0648492574691772,1.0649627447128296,1.0641694068908691,1.064736008644104,1.064736008644104,0
2022-04-26 21:00:00+01:00,1.0645092725753784,1.0646226406097412,1.0639430284500122,1.0642826557159424,1.0642826557159424,0
2022-04-26 22:00:00+01:00,1.064056158065796,1.0645092725753784,1.063829779624939,1.0642826557159424,1.0642826557159424,0
2022-04-26 23:00:00+01:00,1.064056158065796,1.0650761127471924,1.063829779624939,1.0648492574691772,1.0648492574691772,0
2022-04-27 00:00:00+01:00,1.0648492574691772,1.065303087234497,1.0646226406097412,1.0646226406097412,1.0646226406097412,0
2022-04-27 01:00:00+01:00,1.064736008644104,1.0651895999908447,1.0639430284500122,1.0646226406097412,1.0646226406097412,0
2022-04-27 02:00:00+01:00,1.064736008644104,1.0649627447128296,1.0639430284500122,1.0648492574691772,1.0648492574691772,0
2022-04-27 03:00:00+01:00,1.0651895999908447,1.0656436681747437,1.0639430284500122,1.0639430284500122,1.0639430284500122,0
2022-04-27 04:00:00+01:00,1.0642826557159424,1.0648492574691772,1.0636035203933716,1.0643960237503052,1.0643960237503052,0
2022-04-27 05:00:00+01:00,1.0648492574691772,1.0651895999908447,1.064056158065796,1.0651895999908447,1.0651895999908447,0
2022-04-27 06:00:00+01:00,1.0651895999908447,1.065870761871338,1.0650761127471924,1.0655300617218018,1.0655300617218018,0
2022-04-27 07:00:00+01:00,1.0650761127471924,1.0651895999908447,1.062022089958191,1.062134861946106,1.062134861946106,0
2022-04-27 08:00:00+01:00,1.062699317932129,1.063151240348816,1.0593219995498657,1.0624734163284302,1.0624734163284302,0
2022-04-27 09:00:00+01:00,1.0623606443405151,1.062699317932129,1.0590976476669312,1.0595465898513794,1.0595465898513794,0
2022-04-27 10:00:00+01:00,1.0593219995498657,1.0623606443405151,1.0593219995498657,1.0615711212158203,1.0615711212158203,0
2022-04-27 11:00:00+01:00,1.0617965459823608,1.0623606443405151,1.060782790184021,1.0614584684371948,1.0614584684371948,0
2022-04-27 12:00:00+01:00,1.0612331628799438,1.0612331628799438,1.0585371255874634,1.0588732957839966,1.0588732957839966,0
2022-04-27 13:00:00+01:00,1.0582010746002197,1.0587612390518188,1.055297613143921,1.0559661388397217,1.0559661388397217,0
2022-04-27 14:00:00+01:00,1.0563008785247803,1.0563008785247803,1.0540739297866821,1.0549635887145996,1.0549635887145996,0
2022-04-27 15:00:00+01:00,1.0555204153060913,1.0555204153060913,1.051856517791748,1.051856517791748,1.051856517791748,0
2022-04-27 16:00:00+01:00,1.0524100065231323,1.0556317567825317,1.0524100065231323,1.0547411441802979,1.0547411441802979,0
2022-04-27 17:00:00+01:00,1.0551862716674805,1.057305932044983,1.0551862716674805,1.056747317314148,1.056747317314148,0
2022-04-27 18:00:00+01:00,1.0565240383148193,1.0575296878814697,1.0563008785247803,1.0571942329406738,1.0571942329406738,0
2022-04-27 19:00:00+01:00,1.0571942329406738,1.0576413869857788,1.0559661388397217,1.0563008785247803,1.0563008785247803,0
2022-04-27 20:00:00+01:00,1.0564124584197998,1.056747317314148,1.0556317567825317,1.0560777187347412,1.0560777187347412,0
2022-04-27 21:00:00+01:00,1.0561892986297607,1.0566357374191284,1.0559661388397217,1.0565240383148193,1.0565240383148193,0
2022-04-27 22:00:00+01:00,1.0565240383148193,1.0571942329406738,1.0556317567825317,1.0558546781539917,1.0558546781539917,0
2022-04-27 23:00:00+01:00,1.0559661388397217,1.0559661388397217,1.055297613143921,1.0554089546203613,1.0554089546203613,0
2022-04-28 00:00:00+01:00,1.0554089546203613,1.0560777187347412,1.055297613143921,1.0556317567825317,1.0556317567825317,0
2022-04-28 01:00:00+01:00,1.0555204153060913,1.0556317567825317,1.053851842880249,1.0540739297866821,1.0540739297866821,0
2022-04-28 02:00:00+01:00,1.0544073581695557,1.0558546781539917,1.0539628267288208,1.0549635887145996,1.0549635887145996,0
2022-04-28 03:00:00+01:00,1.0549635887145996,1.05507493019104,1.0537407398223877,1.0540739297866821,1.0540739297866821,0
2022-04-28 04:00:00+01:00,1.053851842880249,1.0544073581695557,1.0513036251068115,1.0515247583389282,1.0515247583389282,0
2022-04-28 05:00:00+01:00,1.051193118095398,1.0529640913009644,1.051193118095398,1.0520778894424438,1.0520778894424438,0
2022-04-28 06:00:00+01:00,1.0520778894424438,1.0527424812316895,1.0490977764129639,1.0516352653503418,1.0516352653503418,0
2022-04-28 07:00:00+01:00,1.051193118095398,1.0532968044281006,1.051193118095398,1.0526316165924072,1.0526316165924072,0
2022-04-28 08:00:00+01:00,1.052520751953125,1.056859016418457,1.0520778894424438,1.0557432174682617,1.0557432174682617,0
2022-04-28 09:00:00+01:00,1.0554089546203613,1.0554089546203613,1.051856517791748,1.0519671440124512,1.0519671440124512,0
2022-04-28 10:00:00+01:00,1.0520778894424438,1.053851842880249,1.051856517791748,1.0522992610931396,1.0522992610931396,0
2022-04-28 11:00:00+01:00,1.0524100065231323,1.0530749559402466,1.0499789714813232,1.0499789714813232,1.0499789714813232,0
2022-04-28 12:00:00+01:00,1.0499789714813232,1.051193118095398,1.0489877462387085,1.0493179559707642,1.0493179559707642,0
2022-04-28 13:00:00+01:00,1.0497585535049438,1.052520751953125,1.0476689338684082,1.0487676858901978,1.0487676858901978,0
2022-04-28 14:00:00+01:00,1.0485477447509766,1.0515247583389282,1.0485477447509766,1.0507513284683228,1.0507513284683228,0
2022-04-28 15:00:00+01:00,1.0508617162704468,1.052188515663147,1.0485477447509766,1.052188515663147,1.052188515663147,0
2022-04-28 16:00:00+01:00,1.051745891571045,1.0534077882766724,1.0500892400741577,1.0501995086669922,1.0501995086669922,0
2022-04-28 17:00:00+01:00,1.0504201650619507,1.051745891571045,1.049648404121399,1.0515247583389282,1.0515247583389282,0
2022-04-28 18:00:00+01:00,1.0515247583389282,1.051856517791748,1.0500892400741577,1.0503098964691162,1.0503098964691162,0
2022-04-28 19:00:00+01:00,1.0500892400741577,1.0516352653503418,1.0500892400741577,1.0508617162704468,1.0508617162704468,0
2022-04-28 20:00:00+01:00,1.0507513284683228,1.0515247583389282,1.0507513284683228,1.051193118095398,1.051193118095398,0
2022-04-28 21:00:00+01:00,1.051193118095398,1.051193118095398,1.0500892400741577,1.0501995086669922,1.0501995086669922,0
2022-04-28 22:00:00+01:00,1.0503098964691162,1.0509721040725708,1.0498688220977783,1.0501995086669922,1.0501995086669922,0
2022-04-28 23:00:00+01:00,1.0499789714813232,1.0506409406661987,1.049538254737854,1.0500892400741577,1.0500892400741577,0
2022-04-29 00:00:00+01:00,1.0498688220977783,1.0507513284683228,1.0498688220977783,1.0506409406661987,1.0506409406661987,0
2022-04-29 01:00:00+01:00,1.0509721040725708,1.0520778894424438,1.0506409406661987,1.0519671440124512,1.0519671440124512,0
2022-04-29 02:00:00+01:00,1.0519671440124512,1.0534077882766724,1.0519671440124512,1.0526316165924072,1.0526316165924072,0
2022-04-29 03:00:00+01:00,1.0522992610931396,1.0526316165924072,1.0509721040725708,1.0513036251068115,1.0513036251068115,0
2022-04-29 04:00:00+01:00,1.051414132118225,1.0522992610931396,1.0510826110839844,1.051745891571045,1.051745891571045,0
2022-04-29 05:00:00+01:00,1.051414132118225,1.0526316165924072,1.051193118095398,1.0519671440124512,1.0519671440124512,0
2022-04-29 06:00:00+01:00,1.052188515663147,1.0544073581695557,1.052188515663147,1.0542962551116943,1.0542962551116943,0
2022-04-29 07:00:00+01:00,1.0537407398223877,1.05507493019104,1.0535187721252441,1.0547411441802979,1.0547411441802979,0
2022-04-29 08:00:00+01:00,1.0545185804367065,1.0582010746002197,1.0539628267288208,1.0566357374191284,1.0566357374191284,0
2022-04-29 09:00:00+01:00,1.0566357374191284,1.0593219995498657,1.0563008785247803,1.0571942329406738,1.0571942329406738,0
2022-04-29 10:00:00+01:00,1.0576413869857788,1.0583131313323975,1.056859016418457,1.0578652620315552,1.0578652620315552,0
2022-04-29 11:00:00+01:00,1.0579770803451538,1.0579770803451538,1.0565240383148193,1.056747317314148,1.056747317314148,0
2022-04-29 12:00:00+01:00,1.0571942329406738,1.057753324508667,1.0544073581695557,1.05507493019104,1.05507493019104,0
2022-04-29 13:00:00+01:00,1.0548522472381592,1.0549635887145996,1.051414132118225,1.053629755973816,1.053629755973816,0
2022-04-29 14:00:00+01:00,1.0531858205795288,1.0544073581695557,1.0526316165924072,1.0537407398223877,1.0537407398223877,0
2022-04-29 15:00:00+01:00,1.0537407398223877,1.0561892986297607,1.0522992610931396,1.0554089546203613,1.0554089546203613,0
2022-04-29 16:00:00+01:00,1.05507493019104,1.0555204153060913,1.0537407398223877,1.0545185804367065,1.0545185804367065,0
2022-04-29 17:00:00+01:00,1.053851842880249,1.0554089546203613,1.0537407398223877,1.0554089546203613,1.0554089546203613,0
2022-04-29 18:00:00+01:00,1.0551862716674805,1.0583131313323975,1.0551862716674805,1.0579770803451538,1.0579770803451538,0
2022-04-29 19:00:00+01:00,1.0574177503585815,1.057753324508667,1.056747317314148,1.057753324508667,1.057753324508667,0
2022-04-29 20:00:00+01:00,1.0569707155227661,1.0575296878814697,1.0549635887145996,1.0551862716674805,1.0551862716674805,0
2022-04-29 21:00:00+01:00,1.0551862716674805,1.0555204153060913,1.0545185804367065,1.0548522472381592,1.0548522472381592,0
2022-04-29 22:00:00+01:00,1.0548522472381592,1.0548522472381592,1.0548522472381592,1.0548522472381592,1.0548522472381592,0
2022-05-02 00:00:00+01:00,1.0547411441802979,1.055297613143921,1.053851842880249,1.053851842880249,1.053851842880249,0
2022-05-02 01:00:00+01:00,1.054185152053833,1.0557432174682617,1.0530749559402466,1.0531858205795288,1.0531858205795288,0
2022-05-02 02:00:00+01:00,1.0534077882766724,1.0535187721252441,1.052520751953125,1.0527424812316895,1.0527424812316895,0
2022-05-02 03:00:00+01:00,1.0527424812316895,1.0532968044281006,1.0520778894424438,1.052520751953125,1.052520751953125,0
2022-05-02 04:00:00+01:00,1.052520751953125,1.0532968044281006,1.052188515663147,1.0527424812316895,1.0527424812316895,0
2022-05-02 05:00:00+01:00,1.0527424812316895,1.0527424812316895,1.0520778894424438,1.0522992610931396,1.0522992610931396,0
2022-05-02 06:00:00+01:00,1.0520778894424438,1.0524100065231323,1.0516352653503418,1.051745891571045,1.051745891571045,0
2022-05-02 07:00:00+01:00,1.051745891571045,1.05507493019104,1.0513036251068115,1.05507493019104,1.05507493019104,0
2022-05-02 08:00:00+01:00,1.0558546781539917,1.0564124584197998,1.0537407398223877,1.0539628267288208,1.0539628267288208,0
2022-05-02 09:00:00+01:00,1.053629755973816,1.053851842880249,1.0528532266616821,1.0531858205795288,1.0531858205795288,0
2022-05-02 10:00:00+01:00,1.0531858205795288,1.0535187721252441,1.0522992610931396,1.0529640913009644,1.0529640913009644,0
2022-05-02 11:00:00+01:00,1.0527424812316895,1.0530749559402466,1.0522992610931396,1.0528532266616821,1.0528532266616821,0
2022-05-02 12:00:00+01:00,1.0529640913009644,1.0534077882766724,1.051745891571045,1.051856517791748,1.051856517791748,0
2022-05-02 13:00:00+01:00,1.0519671440124512,1.053629755973816,1.0513036251068115,1.051414132118225,1.051414132118225,0
2022-05-02 14:00:00+01:00,1.051414132118225,1.0531858205795288,1.0507513284683228,1.0528532266616821,1.0528532266616821,0
2022-05-02 15:00:00+01:00,1.0530749559402466,1.0544073581695557,1.051856517791748,1.052520751953125,1.052520751953125,0
2022-05-02 16:00:00+01:00,1.052520751953125,1.052520751953125,1.0508617162704468,1.0524100065231323,1.0524100065231323,0
2022-05-02 17:00:00+01:00,1.052520751953125,1.0531858205795288,1.0509721040725708,1.0509721040725708,1.0509721040725708,0
2022-05-02 18:00:00+01:00,1.051193118095398,1.051193118095398,1.049648404121399,1.0500892400741577,1.0500892400741577,0
2022-05-02 19:00:00+01:00,1.0497585535049438,1.0501995086669922,1.0493179559707642,1.049538254737854,1.049538254737854,0
2022-05-02 20:00:00+01:00,1.049648404121399,1.0513036251068115,1.049538254737854,1.0506409406661987,1.0506409406661987,0
2022-05-02 21:00:00+01:00,1.0508617162704468,1.0513036251068115,1.0505305528640747,1.0510826110839844,1.0510826110839844,0
2022-05-02 22:00:00+01:00,1.0507513284683228,1.051193118095398,1.0506409406661987,1.0507513284683228,1.0507513284683228,0
2022-05-02 23:00:00+01:00,1.0509721040725708,1.0519671440124512,1.0509721040725708,1.0513036251068115,1.0513036251068115,0
2022-05-03 00:00:00+01:00,1.051414132118225,1.051414132118225,1.0509721040725708,1.051193118095398,1.051193118095398,0
2022-05-03 01:00:00+01:00,1.0513036251068115,1.0527424812316895,1.051193118095398,1.0526316165924072,1.0526316165924072,0
2022-05-03 02:00:00+01:00,1.0526316165924072,1.0529640913009644,1.051745891571045,1.052520751953125,1.052520751953125,0
2022-05-03 03:00:00+01:00,1.0526316165924072,1.0530749559402466,1.0513036251068115,1.051745891571045,1.051745891571045,0
2022-05-03 04:00:00+01:00,1.051414132118225,1.0524100065231323,1.0510826110839844,1.052188515663147,1.052188515663147,0
2022-05-03 05:00:00+01:00,1.052188515663147,1.0526316165924072,1.0504201650619507,1.0506409406661987,1.0506409406661987,0
2022-05-03 06:00:00+01:00,1.0504201650619507,1.0515247583389282,1.0501995086669922,1.0510826110839844,1.0510826110839844,0
2022-05-03 07:00:00+01:00,1.0507513284683228,1.0515247583389282,1.0500892400741577,1.0503098964691162,1.0503098964691162,0
2022-05-03 08:00:00+01:00,1.0505305528640747,1.0530749559402466,1.0497585535049438,1.0522992610931396,1.0522992610931396,0
2022-05-03 09:00:00+01:00,1.0522992610931396,1.0527424812316895,1.0503098964691162,1.0504201650619507,1.0504201650619507,0
2022-05-03 10:00:00+01:00,1.0505305528640747,1.0520778894424438,1.049538254737854,1.0516352653503418,1.0516352653503418,0
2022-05-03 11:00:00+01:00,1.051745891571045,1.0527424812316895,1.0505305528640747,1.0505305528640747,1.0505305528640747,0
2022-05-03 12:00:00+01:00,1.0507513284683228,1.0544073581695557,1.0501995086669922,1.0540739297866821,1.0540739297866821,0
2022-05-03 13:00:00+01:00,1.0547411441802979,1.0578652620315552,1.0544073581695557,1.0571942329406738,1.0571942329406738,0
2022-05-03 14:00:00+01:00,1.0570825338363647,1.0575296878814697,1.0551862716674805,1.0558546781539917,1.0558546781539917,0
2022-05-03 15:00:00+01:00,1.0558546781539917,1.0564124584197998,1.053851842880249,1.0544073581695557,1.0544073581695557,0
2022-05-03 16:00:00+01:00,1.0545185804367065,1.0551862716674805,1.0534077882766724,1.0535187721252441,1.0535187721252441,0
2022-05-03 17:00:00+01:00,1.0531858205795288,1.0532968044281006,1.0515247583389282,1.0519671440124512,1.0519671440124512,0
2022-05-03 18:00:00+01:00,1.0519671440124512,1.0540739297866821,1.0519671440124512,1.0532968044281006,1.0532968044281006,0
2022-05-03 19:00:00+01:00,1.0532968044281006,1.0534077882766724,1.051745891571045,1.0528532266616821,1.0528532266616821,0
2022-05-03 20:00:00+01:00,1.0527424812316895,1.0532968044281006,1.052188515663147,1.0528532266616821,1.0528532266616821,0
2022-05-03 21:00:00+01:00,1.0527424812316895,1.0531858205795288,1.052188515663147,1.0522992610931396,1.0522992610931396,0
2022-05-03 22:00:00+01:00,1.0524100065231323,1.0529640913009644,1.052188515663147,1.0527424812316895,1.0527424812316895,0
2022-05-03 23:00:00+01:00,1.052520751953125,1.0532968044281006,1.052520751953125,1.0527424812316895,1.0527424812316895,0
2022-05-04 00:00:00+01:00,1.0529640913009644,1.0529640913009644,1.0522992610931396,1.0528532266616821,1.0528532266616821,0
2022-05-04 01:00:00+01:00,1.0529640913009644,1.053851842880249,1.0522992610931396,1.0527424812316895,1.0527424812316895,0
2022-05-04 02:00:00+01:00,1.0528532266616821,1.0535187721252441,1.052188515663147,1.0531858205795288,1.0531858205795288,0
2022-05-04 03:00:00+01:00,1.0532968044281006,1.0535187721252441,1.0522992610931396,1.0522992610931396,1.0522992610931396,0
2022-05-04 04:00:00+01:00,1.0522992610931396,1.0528532266616821,1.051745891571045,1.0519671440124512,1.0519671440124512,0
2022-05-04 05:00:00+01:00,1.051856517791748,1.052520751953125,1.051856517791748,1.0519671440124512,1.0519671440124512,0
2022-05-04 06:00:00+01:00,1.0519671440124512,1.0520778894424438,1.051414132118225,1.0515247583389282,1.0515247583389282,0
2022-05-04 07:00:00+01:00,1.0515247583389282,1.052520751953125,1.0509721040725708,1.051745891571045,1.051745891571045,0
2022-05-04 08:00:00+01:00,1.051745891571045,1.0530749559402466,1.0513036251068115,1.0526316165924072,1.0526316165924072,0
2022-05-04 09:00:00+01:00,1.0526316165924072,1.053629755973816,1.0520778894424438,1.0524100065231323,1.0524100065231323,0
2022-05-04 10:00:00+01:00,1.0526316165924072,1.053629755973816,1.051856517791748,1.0526316165924072,1.0526316165924072,0
2022-05-04 11:00:00+01:00,1.0526316165924072,1.053851842880249,1.0524100065231323,1.053851842880249,1.053851842880249,0
2022-05-04 12:00:00+01:00,1.0531858205795288,1.0539628267288208,1.0528532266616821,1.0532968044281006,1.0532968044281006,0
2022-05-04 13:00:00+01:00,1.0529640913009644,1.0557432174682617,1.0529640913009644,1.0555204153060913,1.0555204153060913,0
2022-05-04 14:00:00+01:00,1.0554089546203613,1.0559661388397217,1.0535187721252441,1.053629755973816,1.053629755973816,0
2022-05-04 15:00:00+01:00,1.053629755973816,1.0551862716674805,1.0528532266616821,1.0547411441802979,1.0547411441802979,0
2022-05-04 16:00:00+01:00,1.05507493019104,1.0566357374191284,1.054185152053833,1.054185152053833,1.054185152053833,0
2022-05-04 17:00:00+01:00,1.0542962551116943,1.05507493019104,1.0537407398223877,1.05507493019104,1.05507493019104,0
2022-05-04 18:00:00+01:00,1.05507493019104,1.0557432174682617,1.053851842880249,1.0542962551116943,1.0542962551116943,0
2022-05-04 19:00:00+01:00,1.05507493019104,1.062925100326538,1.052188515663147,1.062134861946106,1.062134861946106,0
2022-05-04 20:00:00+01:00,1.0617965459823608,1.0622477531433105,1.0588732957839966,1.0610079765319824,1.0610079765319824,0
2022-05-04 21:00:00+01:00,1.0611205101013184,1.063490390777588,1.0611205101013184,1.0624734163284302,1.0624734163284302,0
2022-05-04 22:00:00+01:00,1.0628122091293335,1.0630381107330322,1.0624734163284302,1.0630381107330322,1.0630381107330322,0
2022-05-04 23:00:00+01:00,1.062699317932129,1.0628122091293335,1.060895323753357,1.060895323753357,1.060895323753357,0
2022-05-05 00:00:00+01:00,1.0610079765319824,1.062699317932129,1.0606703758239746,1.0623606443405151,1.0623606443405151,0
2022-05-05 01:00:00+01:00,1.062699317932129,1.062925100326538,1.060895323753357,1.0616837739944458,1.0616837739944458,0
2022-05-05 02:00:00+01:00,1.0615711212158203,1.0639430284500122,1.0614584684371948,1.0628122091293335,1.0628122091293335,0
2022-05-05 03:00:00+01:00,1.0625863075256348,1.0633772611618042,1.0617965459823608,1.0625863075256348,1.0625863075256348,0
2022-05-05 04:00:00+01:00,1.0624734163284302,1.0633772611618042,1.0619093179702759,1.0622477531433105,1.0622477531433105,0
2022-05-05 05:00:00+01:00,1.062022089958191,1.062134861946106,1.0612331628799438,1.0614584684371948,1.0614584684371948,0
2022-05-05 06:00:00+01:00,1.0617965459823608,1.0625863075256348,1.060895323753357,1.0614584684371948,1.0614584684371948,0
2022-05-05 07:00:00+01:00,1.0611205101013184,1.062022089958191,1.05988347530365,1.0599957704544067,1.0599957704544067,0
2022-05-05 08:00:00+01:00,1.0595465898513794,1.060895323753357,1.0588732957839966,1.060333013534546,1.060333013534546,0
2022-05-05 09:00:00+01:00,1.0599957704544067,1.060333013534546,1.0586491823196411,1.060333013534546,1.060333013534546,0
2022-05-05 10:00:00+01:00,1.060333013534546,1.060782790184021,1.0595465898513794,1.06022047996521,1.06022047996521,0
2022-05-05 11:00:00+01:00,1.0601080656051636,1.0610079765319824,1.0590976476669312,1.0599957704544067,1.0599957704544067,0
2022-05-05 12:00:00+01:00,1.06022047996521,1.06022047996521,1.0549635887145996,1.055297613143921,1.055297613143921,0
2022-05-05 13:00:00+01:00,1.0556317567825317,1.0576413869857788,1.0551862716674805,1.0557432174682617,1.0557432174682617,0
2022-05-05 14:00:00+01:00,1.0554089546203613,1.056747317314148,1.0546298027038574,1.0559661388397217,1.0559661388397217,0
2022-05-05 15:00:00+01:00,1.0555204153060913,1.0557432174682617,1.0532968044281006,1.0535187721252441,1.0535187721252441,0
2022-05-05 16:00:00+01:00,1.0534077882766724,1.0534077882766724,1.0506409406661987,1.0510826110839844,1.0510826110839844,0
2022-05-05 17:00:00+01:00,1.0508617162704468,1.0519671440124512,1.0497585535049438,1.051414132118225,1.051414132118225,0
2022-05-05 18:00:00+01:00,1.0515247583389282,1.0529640913009644,1.0506409406661987,1.0506409406661987,1.0506409406661987,0
2022-05-05 19:00:00+01:00,1.0507513284683228,1.052520751953125,1.0506409406661987,1.051856517791748,1.051856517791748,0
2022-05-05 20:00:00+01:00,1.0524100065231323,1.0555204153060913,1.0524100065231323,1.055297613143921,1.055297613143921,0
2022-05-05 21:00:00+01:00,1.05507493019104,1.055297613143921,1.0540739297866821,1.054185152053833,1.054185152053833,0
2022-05-05 22:00:00+01:00,1.0540739297866821,1.0549635887145996,1.0540739297866821,1.0544073581695557,1.0544073581695557,0
2022-05-05 23:00:00+01:00,1.0545185804367065,1.055297613143921,1.0544073581695557,1.05507493019104,1.05507493019104,0
2022-05-06 00:00:00+01:00,1.0549635887145996,1.0549635887145996,1.053851842880249,1.054185152053833,1.054185152053833,0
2022-05-06 01:00:00+01:00,1.0544073581695557,1.055297613143921,1.0537407398223877,1.0544073581695557,1.0544073581695557,0
2022-05-06 02:00:00+01:00,1.0547411441802979,1.0548522472381592,1.0520778894424438,1.0528532266616821,1.0528532266616821,0
2022-05-06 03:00:00+01:00,1.0530749559402466,1.053629755973816,1.0524100065231323,1.0532968044281006,1.0532968044281006,0
2022-05-06 04:00:00+01:00,1.0532968044281006,1.0542962551116943,1.0530749559402466,1.053629755973816,1.053629755973816,0
2022-05-06 05:00:00+01:00,1.053629755973816,1.0537407398223877,1.0529640913009644,1.053629755973816,1.053629755973816,0
2022-05-06 06:00:00+01:00,1.0534077882766724,1.053629755973816,1.052520751953125,1.052520751953125,1.052520751953125,0
2022-05-06 07:00:00+01:00,1.052188515663147,1.0526316165924072,1.048657774925232,1.048657774925232,1.048657774925232,0
2022-05-06 08:00:00+01:00,1.0493179559707642,1.0535187721252441,1.0487676858901978,1.0522992610931396,1.0522992610931396,0
2022-05-06 09:00:00+01:00,1.0516352653503418,1.0582010746002197,1.0516352653503418,1.0558546781539917,1.0558546781539917,0
2022-05-06 10:00:00+01:00,1.0556317567825317,1.057753324508667,1.0555204153060913,1.0576413869857788,1.0576413869857788,0
2022-05-06 11:00:00+01:00,1.0574177503585815,1.0601080656051636,1.0574177503585815,1.0593219995498657,1.0593219995498657,0
2022-05-06 12:00:00+01:00,1.0587612390518188,1.0593219995498657,1.0564124584197998,1.056859016418457,1.056859016418457,0
2022-05-06 13:00:00+01:00,1.0566357374191284,1.0595465898513794,1.055297613143921,1.0554089546203613,1.0554089546203613,0
2022-05-06 14:00:00+01:00,1.0565240383148193,1.0592098236083984,1.0560777187347412,1.0578652620315552,1.0578652620315552,0
2022-05-06 15:00:00+01:00,1.0574177503585815,1.0589854717254639,1.0563008785247803,1.0584250688552856,1.0584250688552856,0
2022-05-06 16:00:00+01:00,1.0584250688552856,1.0596587657928467,1.0574177503585815,1.0575296878814697,1.0575296878814697,0
2022-05-06 17:00:00+01:00,1.0574177503585815,1.0583131313323975,1.0570825338363647,1.0576413869857788,1.0576413869857788,0
2022-05-06 18:00:00+01:00,1.0571942329406738,1.0576413869857788,1.0554089546203613,1.0554089546203613,1.0554089546203613,0
2022-05-06 19:00:00+01:00,1.055297613143921,1.0560777187347412,1.0546298027038574,1.0549635887145996,1.0549635887145996,0
2022-05-06 20:00:00+01:00,1.0549635887145996,1.0561892986297607,1.0539628267288208,1.0551862716674805,1.0551862716674805,0
2022-05-06 21:00:00+01:00,1.0549635887145996,1.0551862716674805,1.0544073581695557,1.05507493019104,1.05507493019104,0
2022-05-06 22:00:00+01:00,1.0556317567825317,1.0556317567825317,1.0556317567825317,1.0556317567825317,1.0556317567825317,0
2022-05-09 00:00:00+01:00,1.054185152053833,1.0542962551116943,1.0534077882766724,1.0534077882766724,1.0534077882766724,0
2022-05-09 01:00:00+01:00,1.0535187721252441,1.054185152053833,1.0522992610931396,1.0522992610931396,1.0522992610931396,0
2022-05-09 02:00:00+01:00,1.052188515663147,1.0528532266616821,1.051745891571045,1.0527424812316895,1.0527424812316895,0
2022-05-09 03:00:00+01:00,1.0526316165924072,1.0526316165924072,1.051193118095398,1.051193118095398,1.051193118095398,0
2022-05-09 04:00:00+01:00,1.051193118095398,1.051745891571045,1.0506409406661987,1.0513036251068115,1.0513036251068115,0
2022-05-09 05:00:00+01:00,1.0513036251068115,1.0519671440124512,1.0509721040725708,1.0515247583389282,1.0515247583389282,0
2022-05-09 06:00:00+01:00,1.0513036251068115,1.051414132118225,1.0506409406661987,1.0510826110839844,1.0510826110839844,0
2022-05-09 07:00:00+01:00,1.0509721040725708,1.0516352653503418,1.0498688220977783,1.0504201650619507,1.0504201650619507,0
2022-05-09 08:00:00+01:00,1.0500892400741577,1.0530749559402466,1.0500892400741577,1.0515247583389282,1.0515247583389282,0
2022-05-09 09:00:00+01:00,1.051414132118225,1.0522992610931396,1.0506409406661987,1.0509721040725708,1.0509721040725708,0
2022-05-09 10:00:00+01:00,1.0507513284683228,1.0531858205795288,1.0507513284683228,1.0531858205795288,1.0531858205795288,0
2022-05-09 11:00:00+01:00,1.0529640913009644,1.0551862716674805,1.0529640913009644,1.05507493019104,1.05507493019104,0
2022-05-09 12:00:00+01:00,1.0547411441802979,1.0555204153060913,1.0535187721252441,1.05507493019104,1.05507493019104,0
2022-05-09 13:00:00+01:00,1.0548522472381592,1.0574177503585815,1.0548522472381592,1.0566357374191284,1.0566357374191284,0
2022-05-09 14:00:00+01:00,1.0566357374191284,1.0566357374191284,1.0537407398223877,1.053851842880249,1.053851842880249,0
2022-05-09 15:00:00+01:00,1.0534077882766724,1.0535187721252441,1.0522992610931396,1.0532968044281006,1.0532968044281006,0
2022-05-09 16:00:00+01:00,1.053629755973816,1.0565240383148193,1.0532968044281006,1.0558546781539917,1.0558546781539917,0
2022-05-09 17:00:00+01:00,1.0563008785247803,1.0595465898513794,1.0558546781539917,1.057753324508667,1.057753324508667,0
2022-05-09 18:00:00+01:00,1.0578652620315552,1.0579770803451538,1.0557432174682617,1.0561892986297607,1.0561892986297607,0
2022-05-09 19:00:00+01:00,1.0560777187347412,1.056859016418457,1.0554089546203613,1.056747317314148,1.056747317314148,0
2022-05-09 20:00:00+01:00,1.056747317314148,1.0578652620315552,1.0560777187347412,1.0560777187347412,1.0560777187347412,0
2022-05-09 21:00:00+01:00,1.0563008785247803,1.056747317314148,1.0559661388397217,1.0559661388397217,1.0559661388397217,0
2022-05-09 22:00:00+01:00,1.0563008785247803,1.056859016418457,1.0558546781539917,1.0559661388397217,1.0559661388397217,0
2022-05-09 23:00:00+01:00,1.0561892986297607,1.0561892986297607,1.0556317567825317,1.0560777187347412,1.0560777187347412,0
2022-05-10 00:00:00+01:00,1.0560777187347412,1.057305932044983,1.0560777187347412,1.0569707155227661,1.0569707155227661,0
2022-05-10 01:00:00+01:00,1.0563008785247803,1.056747317314148,1.0556317567825317,1.0560777187347412,1.0560777187347412,0
2022-05-10 02:00:00+01:00,1.0560777187347412,1.0574177503585815,1.0559661388397217,1.0564124584197998,1.0564124584197998,0
2022-05-10 03:00:00+01:00,1.056747317314148,1.0583131313323975,1.0565240383148193,1.0576413869857788,1.0576413869857788,0
2022-05-10 04:00:00+01:00,1.0574177503585815,1.0582010746002197,1.0571942329406738,1.0580891370773315,1.0580891370773315,0
2022-05-10 05:00:00+01:00,1.0580891370773315,1.0585371255874634,1.0576413869857788,1.0579770803451538,1.0579770803451538,0
2022-05-10 06:00:00+01:00,1.057753324508667,1.0587612390518188,1.057753324508667,1.0584250688552856,1.0584250688552856,0
2022-05-10 07:00:00+01:00,1.0580891370773315,1.0580891370773315,1.0563008785247803,1.0563008785247803,1.0563008785247803,0
2022-05-10 08:00:00+01:00,1.0561892986297607,1.0580891370773315,1.0556317567825317,1.0564124584197998,1.0564124584197998,0
2022-05-10 09:00:00+01:00,1.0563008785247803,1.0579770803451538,1.0558546781539917,1.057753324508667,1.057753324508667,0
2022-05-10 10:00:00+01:00,1.0575296878814697,1.057753324508667,1.054185152053833,1.054185152053833,1.054185152053833,0
2022-05-10 11:00:00+01:00,1.0539628267288208,1.0551862716674805,1.053851842880249,1.0549635887145996,1.0549635887145996,0
2022-05-10 11:40:35+01:00,1.0551862716674805,1.0551862716674805,1.0551862716674805,1.0551862716674805,1.0551862716674805,0
